0,^ SUPERAR ^ PARTE PRACTICA,*,*,Para la parte de prácticas se tendrá en cuenta la asistencia y participación en las clases (esta parte constituye el 10% de la nota de prácticas)#Comma y adicionalmente se realizarán tres prácticas.,primero.aiml
0,^ EVALUA ^ CONVOCATORIA ORDINARIA,*,*,Un examen de problemas que se realizará conjuntamente con el examen final de teoría. La nota será la media de estas cuatro pruebas (esta parte constituye el 90% de la nota de prácticas).,primero.aiml
0,^ EXAMEN ^ EXTRAORDINARIA PRACTICAS EN LA CONVOCATORIA ^,*,*,No#Comma en la convocatoria extraordinaria habrá un examen escrito único (evaluado de 0 a 10) que incluirá preguntas tanto de tipo teórico como práctico.,primero.aiml
0,^ NO PUEDO ASISTIR A CLASE ^,*,*,La asistencia a las clases teóricas no será obligatoria. Se requerirá que el estudiante asista al menos a alguna de las sesiones prácticas dentro de los límites de entrega de cada práctica y defienda ante el profesor el resultado de la correspondiente práctica. Si el alumno no se presenta a defender su práctica#Comma está se dará por no presentada.,primero.aiml
0,^ NOTA MINIMA ^ APROBAR,*,*,Para aprobar la asignatura es necesario tener una calificación numérica superior o igual a 5 (sobre 10). No obstante#Comma además del requisito anterior#Comma se establece como requisito adicional para superar la asignatura que tanto la calificación correspondiente a la parte teórica como la correspondiente a la parte práctica sean mayores o iguales a 3 (sobre 10). De no llegar a 3 sobre 10 en una de las partes#Comma la nota no será la media#Comma será el mínimo de las dos notas.,primero.aiml
0,^ PRACTICAS ^ OBLIGATORIAS,*,*,Para aprobar#Comma se deberá obtener en la parte práctica una nota mayor o igual a 3 (sobre 10).,primero.aiml
0,^ PRACTICA ^ RESPECTO ^ NOTA FINAL,*,*,Si la nota de prácticas consta de 5 puntos#Comma el 90% de este es 4.5 puntos#Comma por tanto#Comma cada práctica (inclusive el examen)#Comma son 1.125 puntos.,primero.aiml
0,^ PARTICIPACION ^ RESPECTO ^ NOTA FINAL,*,*,El 10% de la nota de de prácticas (5 puntos)#Comma es un 0.5 de la nota final.,primero.aiml
0,^ PUNTOS POR PARTICIPACION,*,*,Se pueden obtener#Comma asistiendo a clase o participando en la resolución de ejercicios teóricos.,primero.aiml
0,^ TRABAJOS * INDIVIDUALES,*,*,Si#Comma además#Comma si se dichos trabajos no han podido ser defendidos correctamente por el alumno#Comma se tomará como plagio y por tanto#Comma suspenso en la evaluación.,primero.aiml
0,^ PUEDEN * LOS TRABAJOS EN GRUPO,*,*,No#Comma los trabajos se realizarán de forma individual.,primero.aiml
0,^ ENTREGAR LOS EJERCICIOS DE LAS RELACIONES ^,*,*,No#Comma pero es conveniente realizarlos y poder así participar en clase.,primero.aiml
0,CUANTO VALE EL PRIMER EXAMEN DE TEORIA,*,*,Ambos valen el 50% de la nota de teoría.,primero.aiml
0,PUEDO RECUPERAR ^ PRACTICA ^ EXAMEN,*,*,No habrá una recuperación parcial#Comma en el caso en el que el primer examen de teoría esté suspenso#Comma se deberá recuperar en la convocatoria ordinaria.,primero.aiml
0,* COPIO * ESTUDIANTE,*,*,Ambos estudiantes irán al examen extraordinario.,primero.aiml
0,* ME DEJO COPIAR * ESTUDIANTE,*,*,Ambos estudiantes irán al examen extraordinario.,primero.aiml
0,^ SUSPENDO ^ CONVOCATORIA ORDINARIA,*,*,El estudiante deberá ir al examen extraordinario.,primero.aiml
0,CUANTO VALE LA PRACTICA Y LA TEORIA,*,*,La parte práctica 50% y la teórica#Comma 50%.,primero.aiml
0,^ HORARIO DE TUTORIAS DEL PROFESOR DE PRACTICAS,*,*,Lunes de 10:00 a 13:30 y Martes de 10:00 a 12:30 en el despacho D23 (ETSIIT),primero.aiml
0,* APROBAR LA PARTE PRACTICA ^ SI NO PRESENTO UNA PRACTICA,*,*,Si#Comma siempre que se supere el umbral de tres puntos.,primero.aiml
0,^ NOTA MINIMA * OBTENER EN CADA PARTE *,*,*,Al menos un 3 en cada parte para que se pueda realizar la media global.,primero.aiml
0,^ PUNTUACION ^ PRACTICA 1 SI ^ EL NIVEL 3 Y NO LO SUPERO,*,*,Se podría optar por realizar el nivel 2#Comma si es superado#Comma entonces la calificación será de un 8#Comma en el caso de que este no se supere#Comma se podrá obtener hasta 6 puntos.,primero.aiml
0,^ LA PRACTICA 1 SIN HACER ^ NIVEL 0,*,*,No#Comma el nivel 0 es obligatorio.,primero.aiml
0,^ NO PUEDO ASISTIR A LA SESION DE PRACTICAS ^ LA DEFENSA DE MI PRACTICA 1,*,*,Se podría realizar en cualquier día durante la semana de la defensa en horario de tutoría (siempre que esté justificada).,primero.aiml
0,CUANTAS PRUEBAS TEORICAS ^,*,*,Dos pruebas teóricas#Comma la última se realizará en la fecha del examen ordinario.,primero.aiml
0,* VALE LA PRIMERA PRUEBA TEORICA,*,*,La primera prueba es un 50% de la nota.,primero.aiml
0,EN QUE CONSISTE EL EXAMEN DE EJERCICIOS,*,*,Ejercicios de clase y algunas preguntas teóricas.,primero.aiml
0,^ HACER SI NO ESTOY SEGURO DE PODER SUPERAR EL NIVEL 3 DE LA PRÁCTICA 1,*,*,Realizar de forma gradual los ejercicios y que funcione correctamente cada nivel.,primero.aiml
0,^ PROGRAMO ^ EN ^ PODRIA HACER LA PRACTICA 1 ^,*,*,No#Comma la intención es aprender el lenguaje AIML#Comma no realizar la práctica en C++,primero.aiml
0,^ PODRIA USAR UN AGENTE CONVERSACIONAL ^ HACER LA DEFENSA DE PRACTICAS,*,*,No#Comma la defensa deberá realizarse por el estudiante que realizó el agente.,primero.aiml
0,PIENSA EN UNA FRUTA,*,*,<condition name="jugando">#Newline				<li value="1">La fruta que estaba pensando era la <get name="fruta_aleatoria"/></li>#Comma volvamos a jugar!#Newline			</condition>#Newline			<think>#Newline				<set name="jugando">1</set>#Newline				<set name="fruta_aleatoria">#Newline					<random>#Newline						<li>fresa</li>#Newline						<li>manzana</li>#Newline						<li>naranja</li>#Newline						<li>kiwi</li>#Newline						<li>mandarina</li>#Newline						<li>pinha</li>#Newline						<li>mango</li>#Newline						<li>melocoton</li>#Newline						<li>higo</li>#Newline						<li>ciruela</li>#Newline						<li>pera</li>#Newline						<li>platano</li>#Newline						<li>coco</li>#Newline						<li>aguacate</li>#Newline						<li>nuez</li>#Newline						<li>cereza</li>			#Newline					</random>#Newline				</set>#Newline			</think>#Newline			Ya he pensado en una fruta!,primero.aiml
