<?xml version="1.0" encoding="UTF-8"?>
<project-private xmlns="http://www.netbeans.org/ns/project-private/1">
    <editor-bookmarks xmlns="http://www.netbeans.org/ns/editor-bookmarks/2" lastBookmarkId="0"/>
    <open-files xmlns="http://www.netbeans.org/ns/projectui-open-files/2">
        <group>
            <file>file:/C:/Users/lukas/Documents/GitHub/University_Projects/Qytetet/src/modeloqytetet/MetodoSalirCarcel.java</file>
            <file>file:/C:/Users/lukas/Documents/GitHub/University_Projects/Qytetet/src/modeloqytetet/Qytetet.java</file>
            <file>file:/C:/Users/lukas/Documents/GitHub/University_Projects/Qytetet/src/modeloqytetet/PruebaQytetet.java</file>
        </group>
    </open-files>
</project-private>
